Wall time,Step,Value
1709275335.1429746,1,87.7300033569336
1709275543.231312,2,98.54499816894531
1709275751.622651,3,99.04000091552734
1709275960.7430506,4,99.30500030517578
1709276171.3611221,5,99.40666961669922
1709276379.5019913,6,99.51667022705078
1709276585.674559,7,99.63166809082031
1709276789.3432589,8,99.66666412353516
1709276994.8488955,9,99.70166778564453
1709277202.0028014,10,99.68333435058594
1709277407.673543,11,99.77999877929688
1709277612.4873493,12,99.78500366210938
1709277819.265957,13,99.82499694824219
1709278026.4234269,14,99.8499984741211
1709278232.849638,15,99.83333587646484
1709278438.6467745,16,99.89167022705078
1709278645.0162642,17,99.836669921875
1709278852.572779,18,99.86666870117188
1709279060.0372546,19,99.87333679199219
1709279268.8569252,20,99.89666748046875
